base_path,title
/government/publications/abandoned-appeals-process,Abandoned asylum appeals: caseworker guidance
/government/publications/asylum-appeals-hearings-issues-raised-relating-to-tape-recorded-interviews-process,Asylum appeals – tape recorded interviews: caseworker guidance
/government/publications/asylum-appeal-hearings-service-of-appeal-determinations-process,Asylum appeals – appeal determinations process: caseworker guidance
/government/publications/child-staying-with-or-joining-a-non-parent-relative-protection,Appendix Child Relative (Sponsors with Protection): caseworker guidance
/government/publications/applications-from-abroad-policy,Applications from abroad policy: caseworker guidance
/government/publications/considering-asylum-claims-and-assessing-credibility-instruction,Assessing credibility and refugee status: caseworker guidance
/government/publications/asylum-under-immigration-rule-334-process,Asylum claims lodged before 28 June 2022: caseworker guidance
/government/publications/asylum-decision-making-prioritisation-caseworker-guidance,Asylum decision making prioritisation: caseworker guidance
/government/publications/drafting-implementing-and-serving-asylum-decisions,Asylum decisions: caseworker guidance
/government/publications/checking-an-asylum-applicants-representative-is-legally-authorised-to-provide-immigration-advice-instruction,Checking a representative is legally authorised: caseworker guidance
/government/publications/considering-childrens-individual-protection-needs,Children’s individual protection needs: caseworker guidance
/government/publications/code-of-conduct-interpreters-working-for-uk-visas-and-immigration,Code of conduct for interpreters: caseworker guidance
/government/publications/complexity-application-routing-solution-family-reunion-caseworker-guidance,Complexity application routing solution (family reunion): caseworker guidance
/government/publications/conducting-the-asylum-interview-process,Conducting asylum interviews: caseworker guidance
/government/publications/considering-human-rights-claims-instruction,Considering human rights claims: caseworker guidance
/government/publications/dependants-and-former-dependants-asylum-policy-instruction,Dependants and former dependants: caseworker guidance
/government/publications/disclosure-of-information-relating-to-asylum-applications,Disclosure of information for asylum applications: caseworker guidance
/government/publications/granting-discretionary-leave,Discretionary leave: caseworker guidance
/government/publications/nationality-doubtful-disputed-and-other-cases-instruction,Doubtful and disputed nationality cases: caseworker guidance
/government/publications/eea-and-eu-asylum-claims-instruction,EEA and EU asylum claims: caseworker guidance
/government/publications/asylum-instruction-exclusion-article-1f-of-the-refugee-convention,Exclusion under Article 1F of the Refugee Convention: caseworker guidance
/government/publications/family-asylum-claims,Family asylum claims: caseworker guidance
/government/publications/processing-family-cases-instruction,Family cases: caseworker guidance
/government/publications/family-reunion-instruction,Appendix family reunion: caseworker guidance
/government/publications/further-submissions,Further submissions: caseworker guidance
/government/publications/gender-issue-in-the-asylum-claim-process,Gender issues in asylum claims: caseworker guidance
/government/publications/humanitarian-protection-instruction,Granting humanitarian protection: caseworker guidance
/government/publications/immigration-and-asylum-act-and-the-refugee-convention-process,Immigration and Asylum Act 1999: caseworker guidance
/government/publications/inadmissibility-third-country-cases,Inadmissibility – third country cases: caseworker guidance
/government/publications/integration-loans-policy-guidance-process,Integration loans for refugees: caseworker guidance
/government/publications/language-analysis-instruction,Language analysis: caseworker guidance
/government/publications/mandate-refugees-process,Mandate refugees: caseworker guidance
/government/publications/medical-evidence-in-asylum-claims,Medical evidence in asylum claims: caseworker guidance
/government/publications/military-service-and-conscientious-objection-process,Military service and conscientious objection: caseworker guidance
/government/publications/multiple-applications-instruction,Multiple applications: caseworker guidance
/government/publications/non-compliant-claims-process,Non-compliant claims: caseworker guidance
/government/publications/operational-instruction-hague-convention-cases,Operational instruction – Hague Convention cases: caseworker guidance
/government/publications/article-1d-of-the-refugee-convention-palestinian-refugees,Palestinian refugees: caseworker guidance
/government/publications/pending-prosecutions-in-asylum-claims,Pending prosecutions in asylum claims: caseworker guidance
/government/publications/permission-to-stay-on-a-protection-route-caseworker-guidance,Permission to stay on a protection route: caseworker guidance
/government/publications/handling-applications-for-permission-to-take-employment-instruction,Permission to work: caseworker guidance
/government/publications/restricted-leave-caseworker-guidance,Restricted leave: caseworker guidance
/government/publications/canceling-ceasing-and-revoking-refugee-status-process,Revocation of protection status: caseworker guidance
/government/publications/revoking-an-indefinite-leave-to-remain-in-the-uk-process,Revoking indefinite leave to remain in the UK: caseworker guidance
/government/publications/settlement-protection-asylum-policy-instruction,Settlement protection: caseworker guidance
/government/publications/sexual-identity-issues-in-the-asylum-claim,Sexual identity issues in asylum interviews: caseworker guidance
/government/publications/transfering-refugee-status-interim-notice-process,Transferring refugee status – interim notice: caseworker guidance
/government/publications/dealing-with-gender-identity-issues-in-the-asylum-claim-process,Transgender identity issues in asylum claims: caseworker guidance
/government/publications/translations-instruction,Translations for asylum claims: caseworker guidance
/government/publications/withdrawing-asylum-applications,Withdrawing asylum applications: caseworker guidance
/government/publications/requests-made-to-the-uk-under-the-dublin-iii-regulation,UK requests under the Dublin III Regulation: caseworker guidance
/government/publications/asylum-screening-and-routing,Asylum screening and routing: caseworker guidance
/government/publications/application-registration-card-and-standard-acknowledgment-letter,Application registration card: caseworker guidance
/government/publications/dublin-iii-regulation,Dublin III Regulation: caseworker guidance
/government/publications/biometric-data-sharing-fingerprint-matching-process-and-diagram,Biometric data-sharing: caseworker guidance
/government/publications/visa-matches-handling-asylum-claims-from-uk-visa-applicants-instruction,Asylum claims from UK visa applicants: caseworker guidance
/government/publications/applications-for-additional-support,Applications for additional support: caseworker guidance
/government/publications/assessing-destitution-instruction,Assessing destitution: caseworker guidance
/government/publications/asylum-accommodation-requests-policy,Asylum accommodation requests: caseworker guidance
/government/publications/asylum-seekers-with-care-needs-process,Asylum seekers with care needs: caseworker guidance
/government/publications/asylum-support-section-42-policy,Asylum support under section 4(2) policy: caseworker guidance
/government/publications/asylum-support-instructions-policy-bulletins,Asylum policy bulletins: caseworker guidance
/government/publications/ceasing-asylum-support-instruction,Ceasing asylum support: caseworker guidance
/government/publications/withdrawal-of-asylum-support-where-a-breach-of-conditions-has-occurred-instruction,Conditions of support: caseworker guidance
/government/publications/dependants-on-an-asylum-support-application-instruction,Dependents in asylum support applications: caseworker guidance
/government/publications/asylum-support-applications-eu-nationals-or-people-with-refugee-status-abroad,EU nationals or refugee status abroad: caseworker guidance
/government/publications/failure-to-travel-to-asylum-accommodation-caseworker-guidance,Failure to travel to asylum accommodation: caseworker guidance
/government/publications/healthcare-needs-and-pregnancy-dispersal-instruction,Healthcare and pregnancy: caseworker guidance
/government/publications/illegal-working-as-a-breach-of-conditions-caseworker-guidance,Illegal working as a breach of conditions: caseworker guidance
/government/publications/domestic-abuse-responding-to-reports-of-domestic-abuse-from-asylum-seekers,Reports of domestic abuse from asylum seekers: caseworker guidance
/government/publications/asylum-support-section-41-handling-transitional-cases,Section 4(1) handling transitional cases: caseworker guidance
/government/publications/nationality-immigration-and-asylum-act-2002-process,"Section 55 of Nationality, Immigration and Asylum Act 2002: caseworker guidance"
/government/publications/transition-at-age-18-instruction,Unaccompanied children turning 18 years old: caseworker guidance
/government/publications/age-assessment-joint-working-instruction,Age assessment process and joint working: caseworker guidance
/government/publications/age-concern-referrals-process-caseworker-guidance,Age concern referrals process: caseworker guidance
/government/publications/identity-checking-and-family-tracing-via-the-albanian-authorities-instruction,Identity checking and family tracing by the Albanian authorities
/government/publications/assessing-age-instruction,Assessing age for asylum applicants: caseworker guidance
/government/publications/calais-leave,Calais leave: caseworker guidance
/government/publications/home-office-gaza-process-caseworker-guidance,Home Office Gaza process: caseworker guidance
/government/publications/national-age-assessment-board-caseworker-guidance,National Age Assessment Board: caseworker guidance
/government/publications/processing-an-asylum-application-from-a-child-instruction,Processing children's asylum claims: caseworker guidance
/government/publications/section-67-of-the-immigration-act-2016-leave,Section 67 of the Immigration Act 2016 leave: caseworker guidance
/government/publications/statement-of-evidence-form-pilot-process,Statement of evidence form pilot process
/government/publications/streamlined-asylum-processing-for-children-caseworker-guidance,Streamlined asylum processing for children: caseworker guidance
/government/publications/tracing-family-members-of-unaccompanied-asylum-seeking-children,Tracing family of unaccompanied children: caseworker guidance
/government/publications/asylum-claims-in-detention,Asylum claims in detention: caseworker guidance
/government/publications/detention-rule-35-process,Detention centre rule 35 and Short term Holding Facility rule 32
/government/publications/appeals-against-conviction-and-sentence,Appeals against conviction and sentence: caseworker guidance
/government/publications/cases-involving-pending-prosecution-caseworker-guidance,Cases involving pending prosecution: caseworker guidance
/government/publications/completing-the-parole-board-information-form,Completing the parole board information form: caseworker guidance
/government/publications/concluding-family-cases,Concluding family cases: caseworker guidance
/government/publications/criminality-guidance-in-article-8-echr-cases,Criminality guidance in article 8 ECHR cases: caseworker guidance
/government/publications/debt-to-the-nhs-border-force-officer-guidance,Debt to the NHS: Border Force officer guidance
/government/publications/deporting-non-eea-foreign-nationals,Deporting foreign nationals on conducive grounds: caseworker guidance
/government/publications/disclosing-personal-information-to-victims-of-foreign-offenders,Disclosing personal information to victims: caseworker guidance
/government/publications/the-early-removal-scheme-for-foreign-offenders,Early removal scheme for foreign offenders: caseworker guidance
/government/publications/exclusion-decisions-and-exclusion-orders,Exclusion from the UK – decisions and orders: caseworker guidance
/government/publications/the-facilitated-return-scheme-frs,Facilitated return scheme: caseworker guidance
/government/publications/foreign-witnesses,Foreign witnesses: caseworker guidance
/government/publications/handling-telephone-calls-to-duty-officer-numbers,Handling telephone calls to duty officers: caseworker guidance
/government/publications/home-detention-curfew-scheme,Home detention curfew scheme: caseworker guidance
/government/publications/liaising-with-the-national-crime-agency-nca,Liaising with the National Crime Agency: caseworker guidance
/government/publications/managing-foreign-offenders-cases-with-families,Managing foreign offenders cases with families: caseworker guidance
/government/publications/managing-foreign-national-offenders-under-18-years-old,Foreign national offenders under 18 years old: caseworker guidance
/government/publications/managing-non-detained-convicted-foreign-nationals,Managing non-detained convicted foreign nationals: caseworker guidance
/government/publications/managing-returning-families-with-children,Managing returning families with children: caseworker guidance
/government/publications/office-administration-processes-in-criminal-cases,Office administration in criminal cases: caseworker guidance
/government/publications/release-on-temporary-licence-and-transfer-to-open-conditions,Release on temporary licence: caseworker guidance
/government/publications/the-tariff-expired-removal-scheme,Tariff-expired removal scheme: caseworker guidance
/government/publications/immigration-status-and-enforcement-action-caseworker-guidance,Immigration status and enforcement action: caseworker guidance
/government/publications/offender-management-caseworker-guidance,Offender management: caseworker guidance
/government/publications/powers-and-operational-procedure-caseworker-guidance,Powers and operational procedure: caseworker guidance
/government/publications/returns-preparation,Returns preparation: caseworker guidance
/government/publications/documents-for-enforced-removals,Returns by UK letter and emergency travel document: caseworker guidance
/government/publications/electronic-travel-authorisation-caseworker-guidance,Electronic travel authorisation: caseworker guidance
/government/publications/electronic-travel-authorisation-irish-resident-exemption-caseworker-guidance,Electronic travel authorisation – Irish resident exemption
/government/publications/seafarers-crm01,Seafarers
/government/publications/aircrew-crm02,Aircrew: CRM02
/government/publications/immigration-legislation-and-powers-ecb01,Immigration legislation and powers: ECB01
/government/publications/what-is-entry-clearance-ecb03,What is entry clearance: ECB03
/government/publications/who-needs-an-entry-clearance-ecb04,Deportees: ECB04
/government/publications/where-to-apply-ecb05,Where to apply: ECB05
/government/publications/returnability-ecb07,Returnability: ECB07
/government/publications/what-are-acceptable-travel-documents-for-entry-clearance-ecb08,What are acceptable travel documents for entry clearance: ECB08
/government/publications/making-a-decision-on-an-application-ecb10,Making a decision on an application: ECB10
/government/publications/significance-of-information-from-a-sponsor-ecb11,Significance of information from a sponsor: ECB11
/government/publications/visa-endorsements-and-conditions-ecb13,Visa endorsements and conditions: ECB13
/government/publications/arriving-in-or-departing-from-the-uk-ecb15,Arriving in or departing from the UK:  ECB15
/government/publications/transferring-a-visa-to-a-new-passport-ecb17,Transferring a visa to a new immigration document: ECB17
/government/publications/risk-and-liaison-overseas-network-ecb21,Risk and liaison overseas network: ECB21
/government/publications/extant-leave-ecb22,Extant leave: ECB22
/government/publications/exempt-exm,Exemptions for visa applications: caseworker guidance
/government/publications/family-members-under-part-8-and-appendix-fm-of-the-immigration-rules,Family members under Part 8 and Appendix FM of the Immigration Rules
/government/publications/maintenance-and-accommodation-maa,Maintenance and accommodation (MAA)
/government/publications/medical-issues-med,Medical issues (MED)
/government/publications/become-a-british-citizen-by-naturalisation-form-an,Become a British citizen by naturalisation (form AN)
/government/publications/register-child-under-18-as-british-citizen-form-mn1,Register child under 18 as British citizen (form MN1)
/government/publications/register-as-a-british-citizen-form-bos,Register as a British citizen (form B(OS))
/government/publications/register-as-a-british-citizen-form-bota,Register as a British citizen (form B(OTA))
/government/publications/application-to-register-as-british-citizen-form-em,Application to register as British citizen: form EM
/government/publications/register-as-a-british-citizen-stateless-person-born-before-1983-form-s1,Register as a British citizen - stateless person born before 1983 (form S1)
/government/publications/register-as-a-british-citizen-stateless-person-born-outside-the-uk-or-british-overseas-territories-form-s2,Register as a British citizen - stateless person born outside the UK or British Overseas Territories (form S2)
/government/publications/register-as-a-british-citizen-uk-born-stateless-person-form-s3,Register as a British citizen: UK-born stateless person (form S3)
/government/publications/register-as-a-british-citizen-form-t,Register as a British citizen (form T)
/government/publications/register-as-a-british-citizen-form-rs1,Register as a British citizen (form RS1)
/government/publications/register-as-a-british-citizen-if-you-were-born-before-july-2006-to-a-british-father-form-ukf,Register as a British citizen (form UKF)
/government/publications/register-as-a-british-citizen-form-ukm,Register as a British citizen (form UKM)
/government/publications/application-to-register-as-british-overseas-territories-citizen,Application to register as British overseas territories citizen
/government/publications/register-as-a-british-overseas-territories-citizen-form-botc-f,Register as a British Overseas Territories citizen (form BOTC (F))
/government/publications/register-as-a-british-overseas-territories-citizen-form-botcm,Register as a British Overseas Territories citizen (form BOTC(M))
/government/publications/application-for-registration-as-a-british-citizen-form-ard,Application for registration as a British citizen (form ARD)
/government/publications/application-to-register-child-as-british-overseas-territories-citizen,Application to register child as British overseas territories citizen
/government/publications/application-to-register-child-under-18-as-british-overseas-citizen,Application to register child under 18 as British Overseas citizen
/government/publications/application-to-register-child-under-18-as-british-subject,Application to register child under 18 as British subject
/government/publications/child-citizenship-fee-waiver-request-form,Child citizenship fee waiver request
/government/publications/apply-for-a-duplicate-citizenship-certificate-form-nc,Apply for a duplicate citizenship certificate (form NC)
/government/publications/apply-for-confirmation-of-british-nationality-status-form-ns,Apply for confirmation of British nationality status (form NS)
/government/publications/apply-for-proof-that-you-do-not-have-british-citizenship-form-nq,Apply for proof that you do not have British citizenship (form NQ)
/government/publications/application-for-review-when-british-citizenship-is-refused-form-nr,Application for review when British citizenship is refused: form NR
/government/publications/correct-a-registration-or-naturalisation-certificate,Correct a registration or naturalisation certificate
/government/publications/apply-to-give-up-renounce-british-citizenship-form-rn,Apply to give up (renounce) British citizenship (form RN)
/government/publications/application-for-a-certificate-of-entitlement-to-the-right-of-abode-form-roa,Application for a certificate of entitlement to the right of abode (form ROA)
/government/publications/application-to-reconsider-a-decision-for-a-certificate-of-entitlement-to-the-right-of-abode,Application to reconsider a decision for a certificate of entitlement to the right of abode
/government/publications/application-for-uk-visa-as-member-of-hm-armed-forces-vaf-af,Apply for a UK visa as a member of HM Forces or their family: form VAF AF
/government/publications/application-to-extend-stay-in-uk-hm-forces-form-flraf,Extend your stay in the UK as a member of HM Forces or their dependant: form FLR(AF)
/government/publications/application-to-settle-in-uk-as-former-member-of-hm-forces-setaf,Settle in the UK as a former member of HM Forces: form SET(AF)
/government/publications/application-to-settle-in-uk-form-setdv,Settle in the UK as a victim of domestic violence: form SET(DV)
/government/publications/application-for-benefits-for-visa-holder-domestic-violence,Apply for the migrant victims of domestic abuse concession
/government/publications/application-for-asylum-support-form-asf1,Apply for asylum support: form ASF1
/government/publications/application-for-additional-asylum-support-form-asf2,Application for additional asylum support: form ASF2
/government/publications/application-to-extend-stay-or-settle-in-the-uk-form-dl,Extend stay or settle in the UK as a person who was refused asylum: form FLR(DL)
/government/publications/application-to-extend-stay-in-the-uk-flrhro,Application to extend stay in the UK: FLR(HRO)
/government/publications/apply-to-extend-stay-in-the-uk-as-a-partner-or-dependent-child-form-flrm,Extend your stay in the UK as a partner or dependent child: form FLR (M)
/government/publications/application-to-extend-stay-in-uk-as-child-of-a-refugee,Apply for permission to stay in the UK as a child of a close relative with protection status in the UK: FLR(P)
/government/publications/application-to-extend-stay-in-uk-as-stateless-person-form-flrs,Apply for leave to remain as a stateless person: form FLR(S)
/government/publications/application-for-an-integration-loan,Apply for a refugee integration loan
/government/publications/request-to-change-humanitarian-protection-status-to-refugee-status,Request to change humanitarian protection status to refugee status
/government/publications/section-42-medical-declaration,Section 4(2) medical declaration
/government/publications/application-for-section-4-extra-services-or-facilities,Application for section 4 extra services or facilities
/government/publications/apply-to-extend-your-stay-in-the-uk-form-flrfp,Apply to extend your stay in the UK: form FLR(FP)
/government/publications/application-to-extend-stay-in-the-uk-flrir,Application to extend stay in the UK: FLR(IR)
/government/publications/application-to-extend-stay-in-uk-long-residence-form-flrlr,Extend your stay in the UK on the basis of long residence: form FLR(LR)
/government/publications/application-to-settle-in-the-uk-as-a-child-under-18-form-setf,Settle in the UK as a child under 18: form SET(F)
/government/publications/settle-in-the-uk-as-a-grenfell-tower-survivor-form-setgt,Settle in the UK as a Grenfell Tower survivor: form SET(GT)
/government/publications/application-to-settle-in-the-uk-form-setm,"Settle in the UK as the partner of a person, or parent of a child, who is in the UK and settled here: form SET(M)"
/government/publications/application-to-settle-in-the-uk-form-seto,Settle in the UK in various immigration categories: form SET(O)
/government/publications/visa-regulations-revised-table,UK visa fees
/government/publications/immigration-rules-archive-30-july-2026-to-2-august-2026,Immigration Rules archive: 30 July 2026 to 2 August 2026
/government/publications/immigration-rules-archive-1-july-2026-to-29-july-2026,Immigration Rules archive: 1 July 2026 to 29 July 2026
/government/publications/immigration-rules-archive-29-april-2026-to-30-june-2026,Immigration Rules archive: 29 April 2026 to 30 June 2026
/government/publications/immigration-rules-archive-8-april-2026-to-28-april-2026,Immigration Rules archive: 8 April 2026 to 28 April 2026
/government/publications/immigration-rules-archive-2-april-2026-to-7-april-2026,Immigration Rules archive: 2 April 2026 to 7 April 2026
/government/publications/immigration-rules-archive-26-march-2026-to-1-april-2026,Immigration Rules archive: 26 March 2026 to 1 April 2026
/government/publications/immigration-rules-archive-5-march-2026-to-25-march-2026,Immigration Rules archive: 5 March 2026 to 25 March 2026
/government/publications/immigration-rules-archive-8-january-2026-to-4-march-2026,Immigration Rules archive: 8 January 2026 to 4 March 2026
/government/publications/immigration-rules-archive-1-january-2026-to-7-january-2026,Immigration Rules archive: 1 January 2026 to 7 January 2026
/government/publications/immigration-rules-archive-30-december-2025-to-31-december-2025,Immigration Rules archive: 30 December 2025 to 31 December 2025
/government/publications/immigration-rules-archive-9-december-2025-to-29-december-2025,Immigration Rules archive: 9 December 2025 to 29 December 2025
/government/publications/immigration-rules-archive-25-november-2025-to-8-december-2025,Immigration Rules archive: 25 November 2025 to 8 December 2025
/government/publications/immigration-rules-archive-11-november-2025-to-24-november-2025,Immigration Rules archive: 11 November 2025 to 24 November 2025
/government/publications/immigration-rules-archive-4-november-2025-to-10-november-2025,Immigration Rules archive: 4 November 2025 to 10 November 2025
/government/publications/immigration-rules-archive-14-october-2025-to-3-november-2025,Immigration Rules archive: 14 October 2025 to 3 November 2025
/government/publications/immigration-rules-archive-4-september-2025-to-13-october-2025,Immigration Rules archive: 4 September 2025 to 13 October 2025
/government/publications/immigration-rules-archive-13-august-2025-to-3-september-2025,Immigration Rules archive: 13 August 2025 to 3 September 2025
/government/publications/immigration-rules-archive-6-august-2025-to-12-august-2025,Immigration Rules archive: 6 August 2025 to 12 August 2025
/government/publications/immigration-rules-archive-5-august-2025-to-5-august-2025,Immigration Rules archive: 5 August 2025 to 5 August 2025
/government/publications/immigration-rules-archive-4-august-2025-to-4-august-2025,Immigration Rules archive: 4 August 2025 to 4 August 2025
/government/publications/immigration-rules-archive-29-july-2025-to-3-august-2025,Immigration Rules archive: 29 July 2025 to 3 August 2025
/government/publications/immigration-rules-archive-22-july-2025-to-28-july-2025,Immigration Rules archive: 22 July 2025 to 28 July 2025
/government/publications/immigration-rules-archive-17-july-2025-to-21-july-2025,Immigration Rules archive: 17 July 2025 to 21 July 2025
/government/publications/immigration-rules-archive-16-july-2025-to-16-july-2025,Immigration Rules archive: 16 July 2025 to 16 July 2025
/government/publications/immigration-rules-archive-1-july-2025-to-15-july-2025,Immigration Rules archive: 1 July 2025 to 15 July 2025
/government/publications/immigration-rules-archive-29-may-2025-to-30-june-2025,Immigration Rules archive: 29 May 2025 to 30 June 2025
/government/publications/immigration-rules-archive-9-april-2025-to-28-may-2025,Immigration Rules archive: 9 April 2025 to 28 May 2025
/government/publications/immigration-rules-archive-2-april-2025-to-8-april-2025,Immigration Rules archive: 2 April 2025 to 8 April 2025
/government/publications/immigration-rules-archive-12-march-2025-to-1-april-2025,Immigration Rules archive: 12 March 2025 to 1 April 2025
/government/publications/immigration-rules-archive-11-march-2025-to-11-march-2025,Immigration Rules archive: 11 March 2025 to 11 March 2025
/government/publications/immigration-rules-archive-18-february-2025-to-10-march-2025,Immigration Rules archive: 18 February 2025 to 10 March 2025
/government/publications/immigration-rules-archive-13-february-2025-to-17-february-2025,Immigration Rules archive: 13 February 2025 to 17 February 2025
/government/publications/immigration-rules-archive-4-february-2025-to-12-february-2025,Immigration Rules archive: 4 February 2025 to 12 February 2025
/government/publications/immigration-rules-archive-2-january-2025-to-3-february-2025,Immigration Rules archive: 2 January 2025 to 3 February 2025
/government/publications/immigration-rules-archive-18-december-2024-to-1-january-2025,Immigration Rules archive: 18 December 2024 to 1 January 2025
/government/publications/immigration-rules-archive-26-november-2024-to-17-december-2024,Immigration Rules archive: 26 November 2024 to 17 December 2024
/government/publications/immigration-rules-archive-8-november-2024-to-25-november-2024,Immigration Rules archive: 8 November 2024 to 25 November 2024
/government/publications/immigration-rules-archive-10-october-2024-to-7-november-2024,Immigration Rules archive: 10 October 2024 to 7 November 2024
/government/publications/immigration-rules-archive-9-october-2024-to-9-october-2024,Immigration Rules archive: 9 October 2024 to 9 October 2024
/government/publications/immigration-rules-archive-8-october-2024-to-8-october-2024,Immigration Rules archive: 8 October 2024 to 8 October 2024
/government/publications/immigration-rules-archive-10-september-2024-to-7-october-2024,Immigration Rules archive: 10 September 2024 to 7 October 2024
/government/publications/immigration-rules-archive-6-june-2024-to-9-september-2024,Immigration Rules archive: 6 June 2024 to 9 September 2024
/government/publications/immigration-rules-archive-16-may-2024-to-5-june-2024,Immigration Rules archive: 16 May 2024 to 5 June 2024
/government/publications/immigration-rules-archive-11-april-2024-to-15-may-2024,Immigration Rules archive: 11 April 2024 to 15 May 2024
/government/publications/immigration-rules-archive-10-april-2024-to-10-april-2024,Immigration Rules archive: 10 April 2024 to 10 April 2024
/government/publications/immigration-rules-archive-4-april-2024-to-9-april-2024,Immigration Rules archive: 4 April 2024 to 9 April 2024
/government/publications/immigration-rules-archive-11-march-2024-to-3-april-2024,Immigration Rules archive: 11 March 2024 to 3 April 2024
/government/publications/immigration-rules-archive-22-february-2024-to-10-march-2024,Immigration Rules archive: 22 February 2024 to 10 March 2024
/government/publications/immigration-rules-archive-19-february-2024-to-21-february-2024,Immigration Rules archive: 19 February 2024 to 21 February 2024
/government/publications/immigration-rules-archive-31-january-2024-to-18-february-2024,Immigration Rules archive: 31 January 2024 to 18 February 2024
/government/publications/immigration-rules-archive-16-january-2024-to-30-january-2024,Immigration Rules archive: 16 January 2024 to 30 January 2024
/government/publications/immigration-rules-archive-28-december-2023-to-15-january-2024,Immigration Rules archive: 28 December 2023 to 15 January 2024
/government/publications/immigration-rules-archive-15-november-2023-to-27-december-2023,Immigration Rules archive: 15 November 2023 to 27 December 2023
/government/publications/immigration-rules-archive-5-october-2023-to-14-november-2023,Immigration Rules archive: 5 October 2023 to 14 November 2023
/government/publications/immigration-rules-archive-9-august-2023-to-4-october-2023,Immigration Rules archive: 9 August 2023 to 4 October 2023
/government/publications/immigration-rules-archive-7-august-2023-to-8-august-2023,Immigration Rules archive: 7 August 2023 to 8 August 2023
/government/publications/immigration-rules-archive-25-july-2023-to-6-august-2023,Immigration Rules archive: 25 July 2023 to 6 August 2023
/government/publications/immigration-rules-archive-19-july-2023-to-24-july-2023,Immigration Rules archive: 19 July 2023 to 24 July 2023
/government/publications/immigration-rules-archive-17-july-2023-to-18-july-2023,Immigration Rules archive: 17 July 2023 to 18 July 2023
/government/publications/immigration-rules-archive-29-june-2023-to-16-july-2023,Immigration Rules archive: 29 June 2023 to 16 July 2023
/government/publications/immigration-rules-archive-1-june-2023-to-28-june-2023,Immigration Rules archive: 1 June 2023 to 28 June 2023
/government/publications/immigration-rules-archive-13-april-2023-to-31-may-2023,Immigration Rules archive: 13 April 2023 to 31 May 2023
/government/publications/immigration-rules-archive-12-april-2023-to-12-april-2023,Immigration Rules archive: 12 April 2023 to 12 April 2023
/government/publications/immigration-rules-archive-30-january-2023-to-11-april-2023,Immigration Rules archive: 30 January 2023 to 11 April 2023
/government/publications/immigration-rules-archive-30-november-2022-to-29-january-2023,Immigration Rules archive: 30 November 2022 to 29 January 2023
/government/publications/immigration-rules-archive-9-november-2022-to-29-november-2022,Immigration Rules archive: 9 November 2022 to 29 November 2022
/government/publications/immigration-rules-archive-18-october-2022-to-08-november-2022,Immigration Rules archive: 18 October 2022 to 08 November 2022
/government/publications/immigration-rules-archive-22-august-2022-to-17-october-2022,Immigration Rules archive: 22 August 2022 to 17 October 2022
/government/publications/immigration-rules-archive-10-august-2022-to-21-august-2022,Immigration Rules archive: 10 August 2022 to 21 August 2022
/government/publications/immigration-rules-archive-28-june-2022-to-9-august-2022,Immigration Rules archive: 28 June 2022 to 9 August 2022
/government/publications/immigration-rules-archive-20-june-2022-to-27-june-2022,Immigration Rules archive: 20 June 2022 to 27 June 2022
/government/publications/immigration-rules-archive-1-june-2022-to-19-june-2022,Immigration Rules archive: 1 June 2022 to 19 June 2022
/government/publications/immigration-rules-archive-30-may-2022-to-31-may-2022,Immigration Rules archive: 30 May 2022 to 31 May 2022
/government/publications/immigration-rules-archive-11-may-2022-to-29-may-2022,Immigration Rules archive: 11 May 2022 to 29 May 2022
/government/publications/immigration-rules-archive-11-april-2022-to-10-may-2022,Immigration Rules archive: 11 April 2022 to 10 May 2022
/government/publications/immigration-rules-archive-6-april-2022-to-10-april-2022,Immigration Rules archive: 6 April 2022 to 10 April 2022
/government/publications/immigration-rules-archive-30-march-2022-to-5-april-2022,Immigration Rules archive: 30 March 2022 to 5 April 2022
/government/publications/immigration-rules-archive-17-february-2022-to-29-march-2022,Immigration Rules archive: 17 February 2022 to 29 March 2022
/government/publications/immigration-rules-archive-15-february-2022-to-16-february-2022,Immigration Rules archive: 15 February 2022 to 16 February 2022
/government/publications/immigration-rules-archive-1-january-2022-to-14-february-2022,Immigration Rules archive: 1 January 2022 to 14 February 2022
/government/publications/immigration-rules-archive-14-december-2021-to-31-december-2021,Immigration Rules archive: 14 December 2021 to 31 December 2021
/government/publications/immigration-rules-archive-30-november-2021-13-december-2021,Immigration Rules archive: 30 November 2021 to 13 December 2021
/government/publications/immigration-rules-archive-1-november-2021-to-29-november-2021,Immigration Rules archive: 1 November 2021 to 29 November 2021
/government/publications/immigration-rules-archive-11-october-2021-to-31-october-2021,Immigration Rules archive: 11 October 2021 to 31 October 2021
/government/publications/immigration-rules-archive-6-october-2021-to-10-october-2021,Immigration Rules archive: 6 October 2021 to 10 October 2021
/government/publications/immigration-rules-archive-1-october-2021-to-5-october-2021,Immigration Rules archive: 1 October 2021 to 5 October 2021
/government/publications/immigration-rules-archive-1-july-2021-to-30-september-2021,Immigration Rules archive: 1 July 2021 to 30 September 2021
/government/publications/immigration-rules-archive-21-may-2021-to-30-june-2021,Immigration Rules archive: 21 May 2021 to 30 June 2021
/government/publications/immigration-rules-archive-6-may-2021-to-20-may-2021,Immigration Rules archive: 6 May 2021 to 20 May 2021
/government/publications/immigration-rules-archive-5-may-2021-to-5-may-2021,Immigration Rules archive: 5 May 2021 to 5 May 2021
/government/publications/immigration-rules-archive-6-april-2021-to-4-may-2021,Immigration Rules archive: 6 April 2021 to 4 May 2021
/government/publications/immigration-rules-archive-1-april-2021-to-5-april-2021,Immigration Rules archive: 1 April 2021 to 5 April 2021
/government/publications/immigration-rules-archive-31-january-2021-to-31-march-2021,Immigration Rules archive: 31 January 2021 to 31 March 2021
/government/publications/immigration-rules-archive-31-december-2020-to-30-january-2021,Immigration Rules archive: 31 December 2020 to 30 January 2021
/government/publications/immigration-rules-archive-1-december-2020-to-30-december-2020,Immigration Rules archive: 1 December 2020 to 30 December 2020
/government/publications/immigration-rules-archive-05-october-2020-to-30-november-2020,Immigration Rules archive: 05 October 2020 to 30 November 2020
/government/publications/immigration-rules-archive-24-august-2020-to-4-october-2020,Immigration Rules archive: 24 August 2020 to 4 October 2020
/government/publications/immigration-rules-archive-4-june-2020-to-23-august-2020,Immigration Rules archive: 4 June 2020 to 23 August 2020
/government/publications/immigration-rules-archive-6-april-2020-to-3-june-2020,Immigration Rules archive: 6 April 2020 to 3 June 2020
/government/publications/immigration-rules-archive-20-february-2020-to-5-april-2020,Immigration Rules archive: 20 February 2020 to 5 April 2020
/government/publications/immigration-rules-archive-1-january-2020-to-19-february-2020,Immigration Rules archive: 1 January 2020 to 19 February 2020
/government/publications/immigration-rules-archive-4-december-2019-to-31-december-2019,Immigration Rules archive: 4 December 2019 to 31 December 2019
/government/publications/immigration-rules-archive-31-october-2019-to-3-december-2019,Immigration Rules archive: 31 October 2019 to 3 December 2019
/government/publications/immigration-rules-archive-6-october-2019-to-30-october-2019,Immigration Rules archive: 6 October 2019 to 30 October 2019
/government/publications/immigration-rules-archive-1-october-2019-to-5-october-2019,Immigration Rules archive: 1 October 2019 to 5 October 2019
/government/publications/immigration-rules-archive-1-august-2019-to-30-september-2019,Immigration Rules archive: 1 August 2019 to 30 September 2019
/government/publications/immigration-rules-archive-6-july-2019-to-31-july-2019,Immigration Rules archive: 6 July 2019 to 31 July 2019
/government/publications/immigration-rules-archive-22-april-2019-to-5-july-2019,Immigration Rules archive: 22 April 2019 to 5 July 2019
/government/publications/immigration-rules-archive-6-april-2019-to-21-april-2019,Immigration Rules archive: 6 April 2019 to 21 April 2019
/government/publications/immigration-rules-archive-2-april-2019-to-5-april-2019,Immigration Rules archive: 2 April 2019 to 5 April 2019
/government/publications/immigration-rules-archive-30-march-2019-to-1-april-2019,Immigration Rules archive: 30 March 2019 to 1 April 2019
/government/publications/immigration-rules-archive-29-march-2019,Immigration Rules archive: 29 March 2019
/government/publications/immigration-rules-archive-1-february-2019-to-28-march-2019,Immigration Rules archive: 1 February 2019 to 28 March 2019
/government/publications/immigration-rules-archive-21-january-2019-to-31-january-2019,Immigration Rules archive: 21 January 2019 to 31 January 2019
/government/publications/immigration-rules-archive-10-january-2019-to-20-january-2019,Immigration Rules archive: 10 January 2019 to 20 January 2019
/government/publications/immigration-rules-archive-01-january-2019-to-09-january-2019,Immigration Rules archive: 01 January 2019 to 09 January 2019
/government/publications/immigration-rules-archive-05-november-2018-to-31-december-2018,Immigration Rules archive: 05 November 2018 to 31 December 2018
/government/publications/immigration-rules-archive-01-november-2018-to-04-november-2018,Immigration Rules archive: 01 November 2018 to 04 November 2018
/government/publications/immigration-rules-archive-28-august-2018-to-31-october-2018,Immigration Rules archive: 28 August 2018 to 31 October 2018
/government/publications/immigration-rules-archive-6-july-2018-to-27-august-2018,Immigration Rules archive: 6 July 2018 to 27 August 2018
/government/publications/immigration-rules-archive-6-april-2018-to-5-july-2018,Immigration Rules archive: 6 April 2018 to 5 July 2018
/government/publications/immigration-rules-archive-15-january-2018-to-5-april-2018,Immigration Rules archive: 15 January 2018 to 5 April 2018
/government/publications/immigration-rules-archive-11-january-2018-to-14-january-2018,Immigration Rules archive: 11 January 2018 to 14 January 2018
/government/publications/immigration-rules-archive-28-december-2017-to-10-january-2018,Immigration Rules archive: 28 December 2017 to 10 January 2018
/government/publications/immigration-rules-archive-10-august-2017-to-27-december-2017,Immigration Rules archive: 10 August 2017 to 27 December 2017
/government/publications/immigration-rules-archive-1-may-2017-to-9-august-2017,Immigration Rules archive: 1 May 2017 to 9 August 2017
/government/publications/immigration-rules-archive-6-april-2017-to-30-april-2017,Immigration Rules archive: 6 April 2017 to 30 April 2017
/government/publications/immigration-rules-archive-2-january-2017-to-5-april-2017,Immigration Rules archive: 2 January 2017 to 5 April 2017
/government/publications/immigration-rules-archive-1-january-2017,Immigration Rules archive: 1 January 2017
/government/publications/immigration-rules-archive-12-december-2016-to-31-december-2016,Immigration Rules archive: 12 December 2016 to 31 December 2016
/government/publications/immigration-rules-archive-24-november-2016-to-11-december-2016,Immigration Rules archive: 24 November 2016 to 11 December 2016
/government/publications/immigration-rules-archive-19-may-2016-to-23-november-2016,Immigration Rules archive: 19 May 2016 to 23 November 2016
/government/publications/immigration-rules-archive-6-april-2016-to-18-may-2016,Immigration Rules archive: 6 April 2016 to 18 May 2016
/government/publications/immigration-rules-archive-1-january-2016-to-5-april-2016,Immigration Rules archive: 1 January 2016 to 5 April 2016
/government/publications/immigration-rules-archive-19-november-2015-to-1-january-2016,Immigration Rules archive: 19 November 2015 to 31 December 2015
/government/publications/immigration-rules-archive-12-november-2015-to-19-november-2015,Immigration Rules archive: 12 November 2015 to 18 November 2015
/government/publications/immigration-rules-archive-15-october-2015-to-12-november-2015,Immigration Rules archive: 15 October 2015 to 11 November 2015
/government/publications/immigration-rules-archive-12-october-2015-to-15-october-2015,Immigration Rules archive: 12 October 2015 to 14 October 2015
/government/publications/immigration-rules-archive-8-october-2015-to-12-october-2015,Immigration Rules archive: 8 October 2015 to 11 October 2015
/government/publications/immigration-rules-archive-3-august-2015-to-8-october-2015,Immigration Rules archive: 3 August 2015 to 7 October 2015
/government/publications/immigration-rules-archive-14-july-2015-to-3-august-2015,Immigration Rules archive: 14 July 2015 to 2 August 2015
/government/publications/immigration-rules-archive-23-april-to-14-july-2015,Immigration Rules archive: 24 April 2015 to 13 July 2015
/government/publications/immigration-rules-archive-6-april-2015-to-24-april-2015,Immigration Rules archive: 6 April 2015 to 23 April 2015
/government/publications/immigration-rules-archive-19-march-2015-to-6-april-2015,Immigration Rules archive: 19 March 2015 to 5 April 2015
/government/publications/immigration-rules-archive-17-march-2015-to-19-march-2015,Immigration Rules archive: 17 March 2015 to 18 March 2015
/government/publications/immigration-rules-archive-2-march-2015-to-17-march-2015,Immigration Rules archive: 2 March 2015 to 16 March 2015
/government/publications/immigration-rules-archive-27-february-to-02-march-2015,Immigration Rules archive: 27 February 2015 to 1 March 2015
/government/publications/immigration-rules-archive-1-january-2015-to-26-february-2015,Immigration Rules archive: 1 January 2015 to 26 February 2015
/government/publications/immigration-rules-archive-1-december-to-31-december-2014,Immigration Rules archive: 1 December to 31 December 2014
/government/publications/immigration-rules-archive-6-november-to-30-november-2014,Immigration Rules archive: 6 November to 30 November 2014
/government/publications/immigration-rules-archive-20-october-to-5-november-2014,Immigration Rules archive: 20 October to 5 November 2014
/government/publications/immigration-rules-archive-1-august-to-20-october-2014,Immigration Rules archive: 1 August to 20 October 2014
/government/publications/immigration-rules-archive-28-july-to-31-july-2014,Immigration Rules archive: 28 July to 31 July 2014
/government/publications/immigration-rules-archive-1-july-to-27-july-2014,Immigration Rules archive: 11 July to 27 July 2014
/government/publications/immigration-rules-archive-1-july-to-10-july-2014,Immigration Rules archive: 1 July to 10 July 2014
/government/publications/immigration-rules-archive-5-may-to-30-june-2014,Immigration Rules archive: 5 May to 30 June 2014
/government/publications/immigration-rules-archive-7-april-to-5-may-2014,Immigration Rules archive: 7 April to 5 May 2014
/government/publications/immigration-rules-archive-25-february-to-6-april-2014,Immigration Rules archive: 25 February to 6 April 2014
/government/publications/immigration-rules-archive-14-january-to-25-february-2014,Immigration Rules archive: 14 January to 25 February 2014
/government/publications/immigration-rules-archive-30-december-2013-to-13-january-2014,Immigration Rules archive: 30 December 2013 to 13 January 2014
/government/publications/immigration-rules-archive-30-november-to-29-december-2013,Immigration Rules archive: 30 November to 29 December 2013
/government/publications/immigration-rules-archive-28-october-to-29-november-2013,Immigration Rules archive: 28 October to 29 November 2013
/government/publications/immigration-rules-archive-1-october-to-27-october-2013,Immigration Rules archive: 1 October  to 27 October 2013
/government/publications/immigration-rules-archive-1-august-to-30-september-2013,Immigration Rules archive: 1 August to 30 September 2013
/government/publications/immigration-rules-archive-1-july-to-31-july-2013,Immigration Rules archive: 1 July to 31 July 2013
/government/publications/immigration-rules-archive-1-may-2013-to-30-june-2013,Immigration Rules archive:  1 May 2013 to 30 June 2013
/government/publications/immigration-rules-archive-6-april-2013-to-30-april-2013,Immigration Rules archive: 6 April 2013 to 30 April 2013
/government/publications/immigration-rules-archive-1-april-to-5-april-2013,Immigration Rules archive: 1 April to 5 April  2013
/government/publications/immigration-rules-archive-28-feb-2013-to-31-march-2013,Immigration Rules archive: 28 Feb 2013 to 31 March 2013
/government/publications/immigration-rules-archive-31-january-2013-to-27-february-2013,Immigration Rules archive: 31 January 2013 to 27 February 2013
/government/publications/immigration-rules-archive-part-6a-13-december-2012-to-30-january-2013,Immigration Rules archive part 6A: 13 December 2012 to 30 January 2013
/government/publications/part-9-of-the-immigration-rules-archive-13-december-2012-to-30-jan-2013,Part 9 of the Immigration Rules archive: 13 December 2012 to 30 January 2013
/government/publications/immigration-rules-archive-appendix-a-31-december-2012-to-30-january-2013,Immigration Rules archive appendix A: 31 December 2012 to 30 January 2013
/government/publications/immigration-rules-archive-appendix-t-13-december-2012-to-31-december-2012,Immigration Rules archive appendix T: 13 December 2012 to 31 December 2012
/government/publications/immigration-rules-archive-1-october-to-12-december-2012,Immigration Rules archive: 1 October  to 12 December 2012
/government/publications/immigration-rules-archive-6-september-2013-to-30-september-2012,Immigration Rules archive: 6 September 2013 to 30 September 2012
/government/publications/immigration-rules-archive-16-august-to-6-september-2012,Immigration Rules archive: 16 August to 6 September 2012
/government/publications/immigration-rules-archive-9-july-to-19-july-2012,Immigration Rules archive: 9 July to 19 July 2012
/guidance/immigration-rules,Immigration Rules
/government/publications/appeal-bundles,Appeal bundles: caseworker guidance
/government/publications/appeals-process,Appeals process: caseworker guidance
/government/publications/code-of-conduct-for-presenting-staff,Code of conduct for presenting staff: caseworker guidance
/government/publications/immigration-judge-bail,First-tier Tribunal bail: caseworker guidance
/government/publications/immigration-act-2014-appeals-caseworker-guidance,Immigration Act 2014 – appeals: caseworker guidance
/government/publications/specified-application-forms-and-procedures,"Application validation, variation and withdrawal: caseworker guidance"
/government/publications/appendix-hm-armed-forces-caseworker-guidance,Appendix HM Armed Forces: caseworker guidance
/government/publications/appendix-international-forces-caseworker-guidance,Appendix International Forces: caseworker guidance
/government/publications/afghan-relocations-and-assistance-policy-caseworker-guidance,Afghan Relocations and Assistance Policy: caseworker guidance
/government/publications/victims-of-domestic-violence,Victims of domestic abuse: caseworker guidance
/government/publications/hm-forces-persons-seeking-settlement-on-discharge,Settlement – Gurkhas discharged prior to 1997: caseworker guidance
/government/publications/hm-forces-reservists,HM forces – reservists: caseworker guidance
/government/publications/hm-forces-applications-on-discharge,HM forces – applications on discharge: caseworker guidance
/government/publications/hm-forces-criminality,HM forces – criminality: caseworker guidance
/government/publications/eea-nationals-at-the-border-post-grace-period,EU Settlement Scheme: Border Force guidance
/government/publications/derivative-rights-of-residence,Derivative rights of residence: caseworker guidance
/government/publications/eea-and-swiss-nationals-free-movement-rights,EEA and Swiss nationals – free movement rights: caseworker guidance
/government/publications/eea-decisions-taken-on-grounds-of-public-policy,EEA decisions taken on grounds of public policy: caseworker guidance
/government/publications/eea-family-permits-guidance-for-entry-clearance-officers,EEA family permits – guidance for entry clearance officers: caseworker guidance
/government/publications/european-economic-area-nationals-qualified-persons,EEA nationals qualified persons: caseworker guidance
/government/publications/eu-settlement-scheme-caseworker-guidance,EU Settlement Scheme: caseworker guidance
/government/publications/eu-settlement-scheme-family-permits,EU Settlement Scheme – family and travel permits: caseworker guidance
/government/publications/extended-family-members-of-eea-nationals,Extended family members of EEA nationals: caseworker guidance
/government/publications/direct-family-members-of-european-economic-area-eea-nationals,Direct free movement of EEA nationals: caseworker guidance
/government/publications/free-movement-rights-family-members-of-british-citizens,Free movement of British citizens' family: caseworker guidance
/government/publications/family-members-of-eea-nationals-who-have-retained-the-right-of-residence,Retained rights of residence: caseworker guidance
/government/publications/frontier-worker-permit-scheme-caseworker-guidance,Frontier worker permit scheme: caseworker guidance
/government/publications/misuse-of-rights-and-verification-of-eea-rights-of-residence,Misuse of rights of residence: caseworker guidance
/government/publications/processes-and-procedures-for-eea-documentation-applications,Processes for EEA documentation applications: caseworker guidance
/government/publications/criminal-courts-and-police-officers-bail-and-refusal-of-bail,Bail and refusal of bail: caseworker guidance
/government/publications/manual-of-guidance-and-mg-forms,Criminal casefiles: caseworker guidance
/government/publications/criminal-investigation-guidance-to-the-pace-1984-order-2013,Criminal investigation: caseworker guidance
/government/publications/criminal-investigation-court-proceedings,Criminal investigation – court proceedings: caseworker guidance
/government/publications/criminal-investigation-guidance-to-the-pace-northern-ireland-regulations-2026,Criminal investigation guidance to the PACE (Northern Ireland) Regulations 2026
/government/publications/criminal-investigations-indecent-and-obscene-materials,Criminal investigations: indecent and obscene materials
/government/publications/criminal-investigation-sham-marriage,Criminal investigation – sham marriage: caseworker guidance
/government/publications/criminal-investigations-use-of-interpreters,Criminal investigations – use of interpreters: caseworker guidance
/government/publications/immigration-enforcement-digital-device-extraction-policy,Digital device extraction policy: caseworker guidance
/government/publications/dress-code-and-standard-of-appearance-for-criminal-investigation-staff,Dress code for criminal investigation staff: caseworker guidance
/government/publications/evidence-in-criminal-investigations,Evidence in criminal investigations: caseworker guidance
/government/publications/extradition-in-criminal-investigation-cases,Extradition in criminal investigation cases: caseworker guidance
/government/publications/prosecution-under-section-2-failure-to-produce-immigration-document,Failure to produce immigration document: caseworker guidance
/government/publications/giving-evidence-in-court,Giving evidence in court: caseworker guidance
/government/publications/interviewing-suspects,Interviewing suspects: caseworker guidance
/government/publications/modern-slavery-how-to-identify-and-report-perpetrators,Modern slavery: how to identify and report perpetrators
/government/publications/operational-briefings-and-planning,Operational briefings and planning: caseworker guidance
/government/publications/removals-casework-case-type,Removals casework case type: caseworker guidance
/government/publications/search-of-a-person,Search of person: caseworker guidance
/government/publications/section-31-immigration-and-asylum-act-1999-defence-against-prosecution,Section 31 Immigration and Asylum Act 1999: caseworker guidance
/government/publications/tamper-evident-bags,Tamper evident bags: caseworker guidance
/government/publications/using-and-maintaining-official-vehicles,Using and maintaining official vehicles: caseworker guidance
/government/publications/witness-care-and-services,Witness care and services: caseworker guidance
/government/publications/criminal-investigation-guidance-for-witness-summons,Witness summons: caseworker guidance
/government/publications/receiving-and-allocating-cases,Receiving and allocating cases: caseworker guidance
/government/publications/adopted-children,Adopted children and children coming to the UK for adoption: caseworker guidance
/government/publications/family-migration-adequate-maintenance-and-accommodation,Adequate maintenance and accommodation: caseworker guidance
/government/publications/appendix-children-caseworker-guidance,Appendix Children: caseworker guidance
/government/publications/chapter-8-appendix-fm-family-members,Chapter 08 – appendix FM family members: caseworker guidance
/government/publications/english-language-requirement-family-members,English Language requirement – family members: caseworker guidance
/government/publications/family-life-as-a-partner-or-parent-private-life-and-exceptional-circumstance,Family life and exceptional circumstances: caseworker guidance
/government/publications/homes-for-ukraine-sponsorship-scheme-caseworker-guidance,Homes for Ukraine Sponsorship Scheme: caseworker guidance
/government/publications/partners-divorce-and-dissolution,"Partners, divorce and dissolution: caseworker guidance"
/government/publications/private-life-caseworker-guidance,Private life: caseworker guidance
/government/publications/relationship-with-a-partner-caseworker-guidance,Relationship with a partner: caseworker guidance
/government/publications/ukraine-extension-scheme-caseworker-guidance,Ukraine Extension Scheme: caseworker guidance
/government/publications/ukraine-permission-extension-scheme-caseworker-guidance,Ukraine Permission Extension scheme: caseworker guidance
/government/publications/ukraine-scheme,Ukraine Scheme: caseworker guidance
/government/publications/visa-concessions-for-government-staff-in-ukraine-caseworker-guidance,Visa concessions for government staff in Ukraine: caseworker guidance
/government/publications/criminal-record-certificate-requirement,Criminal record certificate requirement: caseworker guidance
/government/publications/false-representations-tier-1-general-earnings-concerns,False representations – Tier 1 (General) earnings concerns: caseworker guidance
/government/publications/grounds-for-refusal-criminality,Grounds for refusal – criminality: caseworker guidance
/government/publications/grounds-for-refusal-customs-breaches-immigration-staff-guidance,Grounds for Refusal – Customs breaches: caseworker guidance
/government/publications/grounds-for-refusal-rough-sleeping,Grounds for refusal – rough sleeping: caseworker guidance
/government/publications/suitability-additional-grounds-for-refusal-of-permission-to-stay-crew-members-immigration-staff-guidance,Refusal of permission to stay – crew members: caseworker guidance
/government/publications/suitability-admissibility-to-the-common-travel-area-or-other-countries-immigration-staff-guidance,Common Travel Area or other countries: caseworker guidance
/government/publications/suitability-debt-to-the-nhs-caseworker-guidance,Debt to the NHS: caseworker guidance
/government/publications/suitability-exclusion-from-protection-grounds-immigration-staff-guidance,Exclusion from protection grounds: caseworker guidance
/government/publications/suitability-failure-to-provide-required-information-attend-interview-caseworker-guidance,Failure to provide required information and attend interview: caseworker guidance
/government/publications/suitability-false-representations-immigration-staff-guidance,False representations: caseworker guidance
/government/publications/suitability-non-conducive-grounds-for-refusal-or-cancellation-of-entry-clearance-or-permission,Grounds for refusal or cancellation of entry clearance: caseworker guidance
/government/publications/suitability-previous-breach-of-uk-immigration-laws-immigration-staff-guidance,Previous breach of UK immigration laws: caseworker guidance
/government/publications/suitability-purpose-not-covered-by-the-immigration-rules-immigration-staff-guidance,Purpose not covered by the Immigration Rules: caseworker guidance
/government/publications/suitability-refusal-of-entry-on-arrival-in-the-united-kingdom-immigration-staff-guidance,Refusal of entry on arrival in the UK: caseworker guidance
/government/publications/suitability-section-5-additional-grounds-for-cancellation-of-entry-clearance-immigration-staff-guidance,Additional grounds for cancellation of entry clearance: caseworker guidance
/government/publications/suitability-sham-marriage-or-civil-partnership,Sham marriage or civil partnership: caseworker guidance
/government/publications/suitability-deportation-and-exclusion,Suitability – deportation and exclusion: caseworker guidance
/government/publications/ukvi-identity-standards-caseworker-guidance,UKVI identity standards: caseworker guidance
/government/publications/changes-to-dates-of-birth,Changes to dates of birth: caseworker guidance
/government/publications/biometric-information,Biometric information: caseworker guidance
/government/publications/travel-documents-no-time-limit,Travel documents – no time limit: caseworker guidance
/government/publications/travel-documents-transfer-of-conditions,Transfer of conditions: caseworker guidance
/government/publications/photographing,Photographing: caseworker guidance
/government/publications/facial-image-search-requests-caseworker-guidance,Facial image search requests: caseworker guidance
/government/publications/management-of-risk-in-law-enforcement-morile-based-scoring,Risk in Law Enforcement (MoRiLE) based scoring: caseworker guidance
/government/publications/3c-and-3d-leave,3C and 3D leave: caseworker guidance
/government/publications/administrative-review-caseworker-guidance,Administrative review: caseworker guidance
/government/publications/affordability-fee-waiver-overseas-human-rights-based-applications-article-8,Affordability fee waiver: caseworker guidance
/government/publications/applications-for-a-fee-waiver-and-refunds,Applications for a fee waiver: caseworker guidance
/government/publications/applications-from-overstayers-non-family-routes,Applications from overstayers: caseworker guidance
/government/publications/english-language-requirements-for-immigration-applicants,Assessing the English language requirement: caseworker guidance
/government/publications/indefinite-leave-to-remain-calculating-continuous-period-in-uk,Calculating continuous lawful period: caseworker guidance
/government/publications/citizenship-fee-waiver-for-individuals-under-18-caseworker-guidance,Citizenship fee waiver for individuals under 18: caseworker guidance
/government/publications/complexity-application-routing-solution-family-caseworker-guidance,Complexity application routing solution (family): caseworker guidance
/government/publications/complexity-application-routing-solution-visits-caseworker-guidance,Complexity application routing solution (visits): caseworker guidance
/government/publications/continuous-residence-caseworker-guidance,Continuous residence: caseworker guidance
/government/publications/coronavirus-extension-concession-cec-and-exceptional-assurance-concession-caseworker-guidance,Coronavirus extension concession (CEC) and exceptional assurance concession: caseworker guidance
/government/publications/customer-services-safeguarding-strategy,Customer services safeguarding strategy: caseworker guidance
/government/publications/dna-policy,DNA policy: caseworker guidance
/government/publications/document-verification-checks,Document verification checks: caseworker guidance
/government/publications/educational-testing-service-caseworker-guidance,Educational Testing Service: caseworker guidance
/government/publications/exceptional-circumstances-fee-waiver,Exceptional circumstances fee waiver: caseworker guidance
/government/publications/financial-requirement-caseworker-guidance,Financial requirement: caseworker guidance
/government/publications/human-rights-claims-on-medical-grounds,Human rights claims on medical grounds: caseworker guidance
/government/publications/immigration-and-nationality-refunds-policy,Immigration and nationality refunds policy: caseworker guidance
/government/publications/immigration-health-surcharge-caseworker-guidance,Immigration Health Surcharge: caseworker guidance
/government/publications/knowledge-of-life-and-language-in-the-uk,Knowledge of language and life in the UK: caseworker guidance
/government/publications/chapter-1-section-14-leave-outside-the-immigration-rules,Leave outside the Immigration Rules: caseworker guidance
/government/publications/litigation-debt,Litigation debt: caseworker guidance
/government/publications/operation-innerste-process-caseworker-guidance,Operation Innerste process: caseworker guidance
/government/publications/points-based-system-evidential-flexibility,Points-based system – evidential flexibility: caseworker guidance
/government/publications/public-funds,Public funds: caseworker guidance
/government/publications/reconsiderations,Reconsiderations: caseworker guidance
/government/publications/retaining-valuable-documents,Retaining valuable documents: caseworker guidance
/government/publications/returning-residents,Lapsing leave and returning residents: caseworker guidance
/government/publications/temporary-permission-to-stay-for-victims-of-human-trafficking-and-slavery-caseworker-guidance,Temporary permission to stay for victims of human trafficking and slavery: caseworker guidance
/government/publications/the-ethical-decision-making-model,The ethical decision-making model: caseworker guidance
/government/publications/transfer-or-refer-a-case,Transfer or refer a case: caseworker guidance
/government/publications/international-travel-bans,Travel bans: caseworker guidance
/government/publications/varying-a-settlement-application-and-granting-permission-to-stay,Settlement applications and permission to stay: caseworker guidance
/government/publications/working-with-immigration-advisers-caseworker-guidance,Working with immigration advisers: caseworker guidance
/government/publications/acrs-pathway-1-stage-2-separated-families-caseworker-guidance,ACRS pathway 1 stage 2: separated families: caseworker guidance
/government/publications/long-residence,Long residence: caseworker guidance
/government/publications/vip-delegate-visa,VIP Delegate visa
/government/publications/settlement-family-and-private-life-caseworker-guidance,"Settlement – family life, private life and bereaved partners: caseworker guidance"
/government/publications/afghan-nationals,Afghan nationals: caseworker guidance
/government/publications/short-term-students,Short-term students: caseworker guidance
/government/publications/student-route-caseworker-guidance,Student route: caseworker guidance
/government/publications/uk-european-applicant-transfer-scheme-caseworker-guidance,UK European Applicant Transfer Scheme: caseworker guidance
/government/publications/diplomatic-visa-arrangement-caseworker-guidance,Diplomatic visa arrangement: caseworker guidance
/government/publications/considering-human-rights-claims-in-visit-applications,Human rights claims in visit applications: caseworker guidance
/government/publications/transit-guidance,Transit: caseworker guidance
/government/publications/visit-guidance,Visit: caseworker guidance
/government/publications/aircrew,Aircrew: caseworker guidance
/government/publications/appendix-ecaa-indefinite-leave-to-remain-ilr-and-further-leave-to-remain-flr,Indefinite and further leave to remain: caseworker guidance
/government/publications/dependent-family-members-in-work-routes-immigration-staff-guidance,Dependent family members in work routes: caseworker guidance
/government/publications/dependants-of-part-5-migrants,Dependants of part 5 migrants: caseworker guidance
/government/publications/domestic-workers-in-private-households,Domestic workers in private households: caseworker guidance
/government/publications/points-based-system-english-language,English language (Tier 1 Entrepreneur): caseworker guidance
/government/publications/global-talent-appendix-w-workers,Global Talent: caseworker guidance
/government/publications/guidance-on-application-for-uk-visa-under-tier-5-temporary-worker,UK visas on a Temporary Work route: caseworker guidance
/government/publications/high-potential-individual-caseworker-guidance,High Potential Individual: caseworker guidance
/government/publications/hong-kong-british-national-overseas-route,Hong Kong British National (Overseas) (BNO) route: caseworker guidance
/government/publications/innovator-appendix-w-workers,Innovator Founder: caseworker guidance
/government/publications/international-sportsperson-caseworker-guidance,International Sportsperson: caseworker guidance
/government/publications/pbs-sponsor-licensing-restricted-certificates-of-sponsorship,PBS sponsor licensing – certificates: caseworker guidance
/government/publications/pbs-sponsor-licensing-tier-4-basic-compliance-assessment,PBS sponsor licensing: caseworker guidance
/government/publications/points-based-system-sponsor-management,Worker and Temporary Worker sponsor compliance visits: caseworker guidance
/government/publications/points-based-system-sponsor-licensing-applications,Points-based system sponsor licensing – applications: caseworker guidance
/government/publications/points-based-system-sponsor-licensing-sponsorship-priority-service,Points-based system sponsor licensing– sponsorship priority service: caseworker guidance
/government/publications/representatives-of-overseas-businesses,Representatives of overseas businesses: caseworker guidance
/government/publications/s2-healthcare-visitor-caseworker-guidance,S2 Healthcare Visitor: caseworker guidance
/government/publications/scale-up-worker-caseworker-guidance,Scale-up worker caseworker guidance
/government/publications/seamen,Seamen arriving in the UK: caseworker guidance
/government/publications/skilled-worker-visa-caseworker-guidance,Skilled Worker visa: caseworker guidance
/government/publications/start-up-appendix-w-workers,Start-up: caseworker guidance
/government/publications/tier-1-entrepreneur-caseworker-guidance,Tier 1 (Entrepreneur): caseworker guidance
/government/publications/tier-1-investor-caseworker-guidance,Tier 1 (Investor): caseworker guidance
/government/publications/t2-minister-of-religion-caseworker-guidance,T2 Minister of Religion: caseworker guidance
/government/publications/t2-sportsperson-caseworker-guidance,T2 Sportsperson: caseworker guidance
/government/publications/turkish-ecaa-guidance-appendix-ecaa-extension-of-stay,Turkish ECAA guidance – extension of stay: caseworker guidance
/government/publications/uk-ancestry-caseworker-guidance,UK ancestry: caseworker guidance
/government/publications/ukrainian-nationals-on-work-and-study-routes-concessions-to-the-immigration-rules,Ukrainian nationals on work and study routes: concessions to the Immigration Rules
/government/publications/points-based-system-sponsor-licensing-maintenance,Worker and Temporary Worker sponsor licensing: caseworker guidance
/government/publications/points-based-system-tier-5-youth-mobility-scheme,Youth Mobility Scheme: caseworker guidance
/government/publications/adoption-nationality-policy-guidance,Adoption: caseworker guidance
/government/publications/assessing-ordinary-residence-nationality-policy-guidance,Assessing ordinary residence: caseworker guidance
/government/publications/deprivation-of-british-citizenship-caseworker-guidance,Deprivation of British citizenship: caseworker guidance
/government/publications/domicile-nationality-policy-guidance,Domicile: caseworker guidance
/government/publications/children-of-unmarried-parents-nationality-procedure-guidance,Children of unmarried parents: caseworker guidance
/government/publications/full-capacity-requirement-nationality-policy-guidance,Full capacity requirement: caseworker guidance
/government/publications/british-nationals-nationality-policy-guidance,General nationality applications: caseworker guidance
/government/publications/good-character-caseworker-guidance,Good character: caseworker guidance
/government/publications/passports-handling-nationality-procedure-guidance,Handling passports: caseworker guidance
/government/publications/identity-caseworker-guidance,Identity: caseworker guidance
/government/publications/level-of-decision-making-nationality-procedure-guidance,Level of decision making: caseworker guidance
/government/publications/nullity-of-british-citizenship-caseworker-guidance,Nullity of British citizenship: caseworker guidance
/government/publications/priority-treatment-requests-nationality-procedure-guidance,Priority treatment requests: caseworker guidance
/government/publications/renunciation-of-all-types-of-british-nationality-nationality-policy-guidance,Renunciation of British nationality: caseworker guidance
/government/publications/surrogacy-nationality-policy-guidance,Surrogacy: caseworker guidance
/government/publications/automatic-acquisition-nationality-policy-guidance,Automatic acquisition of British citizenship: caseworker guidance
/government/publications/naturalisation-as-a-british-citizen-by-discretion-nationality-policy-guidance,Naturalisation as a British citizen: caseworker guidance
/government/publications/british-nationality-hong-kong-act-1997-nationality-policy-guidance,British Nationality (Hong Kong) Act 1997: caseworker guidance
/government/publications/children-of-british-parents-nationality-policy-guidance,Children of British parents: caseworker guidance
/government/publications/children-nationality-policy-guidance,Registering children as British citizens: caseworker guidance
/government/publications/other-british-nationals-nationality-policy-guidance,Registering other British nationals: caseworker guidance
/government/publications/stateless-persons-nationality-policy-guidance,Registering stateless persons: caseworker guidance
/government/publications/registration-as-a-british-citizen-in-special-circumstances,Registering under special circumstances: caseworker guidance
/government/publications/registration-as-a-botc-and-british-citizen-children-of-botc-parents,Registering children of BOTC parents: caseworker guidance
/government/publications/registering-chagossian-descendants-citizenship-caseworker-guidance,Registering Chagossian descendants' citizenship: caseworker guidance
/government/publications/renunciation-of-british-citizenship-nationality-policy-guidance,Renounced British citizenship: caseworker guidance
/government/publications/right-of-abode-nationality-policy-guidance,Right of abode: caseworker guidance
/government/publications/automatic-acquisition-botc-nationality-policy-guidance,BOTC automatic acquisition: caseworker guidance
/government/publications/british-overseas-territories-citizens-descent-nationality-policy-guidance,BOTC descent status: caseworker guidance
/government/publications/naturalisation-as-a-botc-nationality-policy-guidance,Naturalisation as a BOTC: caseworker guidance
/government/publications/registration-as-a-botc-children-nationality-policy-guidance,Registration as a BOTC - children: caseworker guidance
/government/publications/registration-as-a-botc-following-renunciation-nationality-policy-guidance,Registering as a BOTC following renunciation: caseworker guidance
/government/publications/registration-as-a-botc-stateless-nationality-policy-guidance,Registration as a BOTC - stateless: caseworker guidance
/government/publications/registration-as-a-british-overseas-territories-citizen-in-special-circumstances,BOTC registration in special circumstances: caseworker guidance
/government/publications/british-overseas-citizens-nationality-policy-guidance,British overseas citizens: caseworker guidance
/government/publications/british-subjects-nationality-policy-guidance,British subjects: caseworker guidance
/government/publications/british-nationals-overseas-nationality-policy-guidance,British overseas nationals: caseworker guidance
/government/publications/british-protected-persons-nationality-policy-guidance,British protected persons: caseworker guidance
/government/publications/historical-background-information-on-nationality,History of nationality law: caseworker guidance
/government/publications/windrush-compensation-scheme-casework-guidance,Windrush Compensation Scheme: caseworker guidance
/government/publications/windrush-scheme-casework-guidance,Windrush scheme: caseworker guidance
